dataset_id,title,description,source,agency,category,tags,geographic_coverage,format,license,status,last_updated,created_date,frequency,coverage_start,coverage_end,record_count,file_size,url,data_type,api_required,api_key_required,auto_generated_description,quality_score,extraction_timestamp
d_89899f41c73fbf3457c2544c700a3869,MP14 SDCP PW PLAN - Park Connector Line (SHP),"Dataset containing information on sdcp, plan, park. provided by Urban Redevelopment Authority. covering Singapore.",data.gov.sg,Urban Redevelopment Authority,general,,Singapore,SHP,Singapore Open Data License,active,2024-06-06T14:46:41+08:00,2017-01-18T00:00:00+08:00,Unknown,,,0.0,Unknown,https://data.gov.sg/datasets/d_89899f41c73fbf3457c2544c700a3869/view,,,,True,1.0,2025-06-26T05:19:09.317291
d_642550222dea9b6eba88bd21bdaca1fa,Newspapers-Straits Echo-1903 to 1904,"This dataset is a list of digitised out-of-copyright newspaper articles from the National Library, Singapore. 

These materials present a valuable resource on Singapore’s history, art and culture, digitised as part of an endeavour to preserve and provide better access to resources located within the library to enable users to explore and discover these resources.

For enquiries, please email ref@nlb.gov.sg",data.gov.sg,National Library Board,general,,Singapore,CSV,Singapore Open Data License,active,2024-06-06T14:39:40+08:00,2024-03-19T11:44:21+08:00,Unknown,2024-03-01T00:00:00+08:00,2025-03-01T00:00:00+08:00,0.0,Unknown,https://data.gov.sg/datasets/d_642550222dea9b6eba88bd21bdaca1fa/view,,,,False,1.0,2025-06-26T05:19:09.317291
d_2c0cee49fae1ff6e3e8b30594ba52f0f,Average Monthly Household Expenditure Among Resident Households by Household Living Arrangement and Income Group (Household Expenditure Survey 2012/13),"Source: SINGAPORE DEPARTMENT OF STATISTICS

Data Last Updated: 29/07/2019

Update Frequency: 5 years

Survey period: Household Expenditure Survey 2012/13

Footnotes: Expenditure data exclude imputed rental of owner-occupied accommodation.

Adapted from: https://tablebuilder.singstat.gov.sg/table/CT/16408",data.gov.sg,Singapore Department of Statistics,general,,Singapore,CSV,Singapore Open Data License,active,2024-10-27T23:22:30+08:00,2024-10-27T22:32:44+08:00,Unknown,,,0.0,Unknown,https://data.gov.sg/datasets/d_2c0cee49fae1ff6e3e8b30594ba52f0f/view,,,,False,1.0,2025-06-26T05:19:09.317291
d_0fb1c8d8f8e4f7733e0486837e54a0c7,Assessable Income of Individuals,"* Number of Individuals Assessed includes tax clearance cases for non-citizens.
* Approved Donations refer to the total tax deductions granted in respect of qualifying donations. For the Year of Assessment (YA)2010 to YA2015 and YA2017 to YA2023, the amount of tax deduction granted is 2.5 times the amount of qualifying donation made. For YA2016, the amount of tax deduction granted is 3 times the amount of qualifying donation made.",data.gov.sg,Inland Revenue Authority of Singapore,general,,Singapore,CSV,Singapore Open Data License,active,2024-09-04T00:01:13+08:00,2016-08-17T16:09:01+08:00,Unknown,,,0.0,Unknown,https://data.gov.sg/datasets/d_0fb1c8d8f8e4f7733e0486837e54a0c7/view,,,,False,1.0,2025-06-26T05:19:09.317291
d_4061fb8858d333344a1cf1feb046ec29,Newspapers-Malaya Tribune-1924 to 1928,"This dataset is a list of digitised out-of-copyright newspaper articles from the National Library, Singapore. 

These materials present a valuable resource on Singapore’s history, art and culture, digitised as part of an endeavour to preserve and provide better access to resources located within the library to enable users to explore and discover these resources.

For enquiries, please email ref@nlb.gov.sg",data.gov.sg,National Library Board,general,,Singapore,CSV,Singapore Open Data License,active,2024-06-06T14:32:39+08:00,2022-09-27T11:54:08+08:00,Unknown,2024-03-01T00:00:00+08:00,2025-03-01T00:00:00+08:00,0.0,Unknown,https://data.gov.sg/datasets/d_4061fb8858d333344a1cf1feb046ec29/view,,,,False,1.0,2025-06-26T05:19:09.317291
d_f71b449b4b43a69b5ecfe411b440d249,SportsFields@SG,Dataset containing information on sportsfields. provided by Health Promotion Board. covering Singapore.,data.gov.sg,Health Promotion Board,general,,Singapore,GEOJSON,Singapore Open Data License,active,2024-06-06T15:08:48+08:00,2023-07-31T17:00:16+08:00,Unknown,,,0.0,Unknown,https://data.gov.sg/datasets/d_f71b449b4b43a69b5ecfe411b440d249/view,,,,True,0.9,2025-06-26T05:19:09.317291
d_b1cf00e204e35e07d4ec45abb91b8077,Newspapers-Sunday Standard-1950 to 1953,"This dataset is a list of digitised out-of-copyright newspaper articles from the National Library, Singapore. 

These materials present a valuable resource on Singapore’s history, art and culture, digitised as part of an endeavour to preserve and provide better access to resources located within the library to enable users to explore and discover these resources.

For enquiries, please email ref@nlb.gov.sg",data.gov.sg,National Library Board,general,,Singapore,CSV,Singapore Open Data License,active,2024-06-06T14:54:59+08:00,2022-09-27T11:25:11+08:00,Unknown,2024-03-01T00:00:00+08:00,2025-03-01T00:00:00+08:00,0.0,Unknown,https://data.gov.sg/datasets/d_b1cf00e204e35e07d4ec45abb91b8077/view,,,,False,1.0,2025-06-26T05:19:09.317291
d_66160334994304e9a21d42ae2e32a5c7,Newspapers-The Straits Echo (Mail Edition)-1927 to 1931,"This dataset is a list of digitised out-of-copyright newspaper articles from the National Library, Singapore. 

These materials present a valuable resource on Singapore’s history, art and culture, digitised as part of an endeavour to preserve and provide better access to resources located within the library to enable users to explore and discover these resources.

For enquiries, please email ref@nlb.gov.sg",data.gov.sg,National Library Board,general,,Singapore,CSV,Singapore Open Data License,active,2024-04-02T21:54:04+08:00,2024-03-19T10:13:41+08:00,Unknown,2024-03-01T00:00:00+08:00,2025-03-01T00:00:00+08:00,0.0,Unknown,https://data.gov.sg/datasets/d_66160334994304e9a21d42ae2e32a5c7/view,,,,False,1.0,2025-06-26T05:19:09.317291
d_894e84243d69d55c13b357dbad4e6350,"Number of Hawker Stalls Under Government Market and Hawker Centres, Annual","Dataset containing information on number, hawker, stalls. provided by National Environment Agency. covering Singapore.",data.gov.sg,National Environment Agency,general,,Singapore,CSV,Singapore Open Data License,active,2024-06-06T14:46:39+08:00,2016-10-04T01:17:40+08:00,Unknown,1989-01-01T08:00:00+08:00,2014-12-31T08:00:00+08:00,0.0,Unknown,https://data.gov.sg/datasets/d_894e84243d69d55c13b357dbad4e6350/view,,,,True,1.0,2025-06-26T05:19:09.317291
d_bdd2c54fa27bdce7643ed905b9e173ab,URA Sale Sites (KML),"Dataset containing information on ura, sale, sites. provided by Urban Redevelopment Authority. covering Singapore.",data.gov.sg,Urban Redevelopment Authority,general,,Singapore,KML,Singapore Open Data License,active,2024-06-06T14:57:34+08:00,2018-02-13T00:00:00+08:00,Unknown,,,0.0,Unknown,https://data.gov.sg/datasets/d_bdd2c54fa27bdce7643ed905b9e173ab/view,,,,True,0.9,2025-06-26T05:19:09.317291
d_aa56cfd7dd8efa83312292fdcb2b2aec,Newspapers-Malaya Tribune-1934 to 1938,"This dataset is a list of digitised out-of-copyright newspaper articles from the National Library, Singapore. 

These materials present a valuable resource on Singapore’s history, art and culture, digitised as part of an endeavour to preserve and provide better access to resources located within the library to enable users to explore and discover these resources.

For enquiries, please email ref@nlb.gov.sg",data.gov.sg,National Library Board,general,,Singapore,CSV,Singapore Open Data License,active,2024-06-06T14:53:27+08:00,2022-09-27T19:27:07+08:00,Unknown,2024-03-01T00:00:00+08:00,2025-03-01T00:00:00+08:00,0.0,Unknown,https://data.gov.sg/datasets/d_aa56cfd7dd8efa83312292fdcb2b2aec/view,,,,False,1.0,2025-06-26T05:19:09.317291
d_8bdb83a1e333289738604756b1a291f9,Age-standardised incidence rate of stroke by gender,The incidence rates were directly age-standardised using the Segi World Population.,data.gov.sg,Health Promotion Board,general,,Singapore,CSV,Singapore Open Data License,active,2024-06-06T14:47:19+08:00,2019-11-19T14:31:05+08:00,Unknown,2005-01-01T08:00:00+08:00,2014-12-31T08:00:00+08:00,0.0,Unknown,https://data.gov.sg/datasets/d_8bdb83a1e333289738604756b1a291f9/view,,,,False,0.85,2025-06-26T05:19:09.317291
d_ae458e073934907b5613b227e6cf5b37,Services available on the Health Appointment System,Service types which HAS offers. Join with the institution-offering dataset to draw insights about coverage for each service type across Singapore,data.gov.sg,Open Government Products,general,,Singapore,CSV,Singapore Open Data License,active,2024-09-23T13:30:04+08:00,2024-09-23T13:22:39+08:00,Unknown,,,0.0,Unknown,https://data.gov.sg/datasets/d_ae458e073934907b5613b227e6cf5b37/view,,,,False,1.0,2025-06-26T05:19:09.317291
d_3652a97896728f666a543f2596e0dd51,Retail pharmacy locations (KML),"Dataset containing information on retail, pharmacy, locations. provided by Health Sciences Authority. covering Singapore.",data.gov.sg,Health Sciences Authority,general,,Singapore,KML,Singapore Open Data License,active,2024-06-06T14:30:47+08:00,2015-09-30T00:00:00+08:00,Unknown,,,0.0,Unknown,https://data.gov.sg/datasets/d_3652a97896728f666a543f2596e0dd51/view,,,,True,1.0,2025-06-26T05:19:09.317291
d_d35d2d0a53b43d45fa58286dc0e23fd2,Newspapers-Singapore Standard-1950 to 1953,"This dataset is a list of digitised out-of-copyright newspaper articles from the National Library, Singapore. 

These materials present a valuable resource on Singapore’s history, art and culture, digitised as part of an endeavour to preserve and provide better access to resources located within the library to enable users to explore and discover these resources.

For enquiries, please email ref@nlb.gov.sg",data.gov.sg,National Library Board,general,,Singapore,CSV,Singapore Open Data License,active,2024-06-06T15:01:38+08:00,2022-09-28T19:09:13+08:00,Unknown,2024-03-01T00:00:00+08:00,2025-03-01T00:00:00+08:00,0.0,Unknown,https://data.gov.sg/datasets/d_d35d2d0a53b43d45fa58286dc0e23fd2/view,,,,False,1.0,2025-06-26T05:19:09.317291
d_56afee769145854de7f7dce2351f08cb,SAFRA Centres (KML),"Dataset containing information on safra, centres, kml. provided by Ministry of Defence. covering Singapore.",data.gov.sg,Ministry of Defence,general,,Singapore,KML,Singapore Open Data License,active,2024-06-06T14:37:11+08:00,2012-11-23T00:00:00+08:00,Unknown,,,0.0,Unknown,https://data.gov.sg/datasets/d_56afee769145854de7f7dce2351f08cb/view,,,,True,0.9,2025-06-26T05:19:09.317291
d_773cb036f3165106676fd970ee74bfdd,SportsFields@SG (SHP),"Dataset containing information on sportsfields, shp. provided by Health Promotion Board. covering Singapore.",data.gov.sg,Health Promotion Board,general,,Singapore,SHP,Singapore Open Data License,active,2024-06-06T14:42:59+08:00,2014-04-17T00:00:00+08:00,Unknown,,,0.0,Unknown,https://data.gov.sg/datasets/d_773cb036f3165106676fd970ee74bfdd/view,,,,True,1.0,2025-06-26T05:19:09.317291
d_a166bc31ce8cb823b22467fb0798dff7,Convicted Penal Admission by Education Level,Convicted penal inmates admitted in each year breakdown by education level.,data.gov.sg,Singapore Prison Service,general,,Singapore,CSV,Singapore Open Data License,active,2024-06-06T14:51:35+08:00,2018-07-17T10:52:38+08:00,Unknown,2006-01-01T08:00:00+08:00,2022-12-31T08:00:00+08:00,0.0,Unknown,https://data.gov.sg/datasets/d_a166bc31ce8cb823b22467fb0798dff7/view,,,,False,0.85,2025-06-26T05:19:09.317291
d_de9a32cc338823ee9d58c3b7576fa267,Historical Wind Speed across Singapore (2023),"Historical wind speed across Singapore. All timestamps are provided in Singapore Time (SGT), formatted in ISO 8601.

Please note that some dates may be missing from the dataset. We are currently in the process of back-filling these missing records to provide a more complete dataset.

DISCLAIMER: This dataset has not undergone quality control procedures applied to climate data and records. For official climate records or climate data reports, please contact sales_climo@nea.gov.sg. Please note that fees may apply for data and report preparation.",data.gov.sg,National Environment Agency,general,,Singapore,CSV,Singapore Open Data License,active,2025-05-06T00:57:52+08:00,2025-05-06T00:47:27+08:00,Unknown,2023-01-01T08:00:00+08:00,2023-12-31T08:00:00+08:00,0.0,Unknown,https://data.gov.sg/datasets/d_de9a32cc338823ee9d58c3b7576fa267/view,,,,False,1.0,2025-06-26T05:19:09.317291
d_cbc8f50a3fc0662d460fd70bda4b8ae1,MP08 Mapsheet GPR Text-CA (KML),"Dataset containing information on mapsheet, gpr, text. provided by Urban Redevelopment Authority. covering Singapore.",data.gov.sg,Urban Redevelopment Authority,general,,Singapore,KML,Singapore Open Data License,active,2024-06-06T15:00:15+08:00,2011-03-25T00:00:00+08:00,Unknown,,,0.0,Unknown,https://data.gov.sg/datasets/d_cbc8f50a3fc0662d460fd70bda4b8ae1/view,,,,True,1.0,2025-06-26T05:19:09.317291
d_8cfe111e0a5a5cf5b598e78851e58ad4,Listing of Registered Medical Devices - Apr 2025,Listing of Registered Medical Devices - CSV Format,data.gov.sg,Health Sciences Authority,general,,Singapore,CSV,Singapore Open Data License,active,2025-05-29T00:14:32+08:00,2025-05-20T19:23:03+08:00,Unknown,,,0.0,Unknown,https://data.gov.sg/datasets/d_8cfe111e0a5a5cf5b598e78851e58ad4/view,,,,False,0.7,2025-06-26T05:19:09.317291
d_eb1c7c0c9ee013f9be42cc8abf523326,"Tanker Arrivals Total, Annual Data",This dataset shows the annual number of tanker arrivals (>75 GT) and shipping tonnage by type. Only vessels that are more than 75 Gross Tonners are included.,data.gov.sg,Maritime and Port Authority of Singapore,general,,Singapore,CSV,Singapore Open Data License,active,2025-01-17T09:32:51+08:00,2017-08-22T18:05:31+08:00,Unknown,2002-01-01T08:00:00+08:00,2024-01-01T08:00:00+08:00,0.0,Unknown,https://data.gov.sg/datasets/d_eb1c7c0c9ee013f9be42cc8abf523326/view,,,,False,1.0,2025-06-26T05:19:09.317291
d_03c133a999057087ebc3a783fba5bfa8,Traffic Lights,"Transportation and mobility data including traffic, lights. provided by Land Transport Authority. covering Singapore.",data.gov.sg,Land Transport Authority,general,,Singapore,CSV,Singapore Open Data License,active,2024-06-06T14:20:50+08:00,2016-04-29T02:19:13+08:00,Unknown,1994-01-01T08:00:00+08:00,2017-12-31T08:00:00+08:00,0.0,Unknown,https://data.gov.sg/datasets/d_03c133a999057087ebc3a783fba5bfa8/view,,,,True,0.9,2025-06-26T05:19:09.317291
d_29c621045011e19ccff74461ef4d67ac,Newspapers-Pinang Gazette and Straits Chronicle-1838 to 1839,"This dataset is a list of digitised out-of-copyright newspaper articles from the National Library, Singapore. 

These materials present a valuable resource on Singapore’s history, art and culture, digitised as part of an endeavour to preserve and provide better access to resources located within the library to enable users to explore and discover these resources.

For enquiries, please email ref@nlb.gov.sg",data.gov.sg,National Library Board,general,,Singapore,CSV,Singapore Open Data License,active,2024-06-06T14:28:37+08:00,2024-03-19T10:01:50+08:00,Unknown,2024-03-01T00:00:00+08:00,2025-03-01T00:00:00+08:00,0.0,Unknown,https://data.gov.sg/datasets/d_29c621045011e19ccff74461ef4d67ac/view,,,,False,1.0,2025-06-26T05:19:09.317291
d_139eba997a127a7eb7c6ad37cbfe6254,"Resident Working Persons Aged 15 Years and Over by Age Group, Highest Qualification Attained and Sex (Census of Population 2000)","Source: SINGAPORE DEPARTMENT OF STATISTICS

Data Last Updated: 31/03/2016

Update Frequency: 10 years

Survey period: Census of Population 2000

Adapted from: https://tablebuilder.singstat.gov.sg/table/CT/8921",data.gov.sg,Singapore Department of Statistics,general,,Singapore,CSV,Singapore Open Data License,active,2025-06-21T23:01:05+08:00,2024-10-26T21:41:45+08:00,Unknown,,,0.0,Unknown,https://data.gov.sg/datasets/d_139eba997a127a7eb7c6ad37cbfe6254/view,,,,False,1.0,2025-06-26T05:19:09.317291
d_15fedf3e20474f69373e526fdf623b6f,Amendment to MP2014 Rail Line,"Dataset containing information on amendment, rail, line. provided by Urban Redevelopment Authority. covering Singapore.",data.gov.sg,Urban Redevelopment Authority,general,,Singapore,GEOJSON,Singapore Open Data License,active,2024-06-06T14:24:31+08:00,2023-07-31T17:42:07+08:00,Unknown,,,0.0,Unknown,https://data.gov.sg/datasets/d_15fedf3e20474f69373e526fdf623b6f/view,,,,True,1.0,2025-06-26T05:19:09.317291
d_b1662d28c2340182b526c480a9e5b33e,SDCP MRT Station Point Name (KML),"Dataset containing information on sdcp, mrt, station. provided by Urban Redevelopment Authority. covering Singapore.",data.gov.sg,Urban Redevelopment Authority,general,,Singapore,KML,Singapore Open Data License,active,2024-06-06T14:54:53+08:00,2011-03-26T00:00:00+08:00,Unknown,,,0.0,Unknown,https://data.gov.sg/datasets/d_b1662d28c2340182b526c480a9e5b33e/view,,,,True,1.0,2025-06-26T05:19:09.317291
d_a95a2681feaae4ef1a2de597faa6cfab,SDCP MRT Station Point Name (SHP),"Dataset containing information on sdcp, mrt, station. provided by Urban Redevelopment Authority. covering Singapore.",data.gov.sg,Urban Redevelopment Authority,general,,Singapore,SHP,Singapore Open Data License,active,2024-06-06T14:53:06+08:00,2011-03-26T00:00:00+08:00,Unknown,,,0.0,Unknown,https://data.gov.sg/datasets/d_a95a2681feaae4ef1a2de597faa6cfab/view,,,,True,1.0,2025-06-26T05:19:09.317291
d_48143a2b16027afcadeb362352b0266a,Principal Causes of Death,"Top 10 principal causes of death

The Mortality Tabulation List of the International Classification of Diseases - Tenth Revision has replaced the Ninth Revision as the adopted code set for the derivation of causes of death w.e.f Year 2012.

Refers to the top 10 principal causes of death only.",data.gov.sg,Ministry of Health,general,,Singapore,CSV,Singapore Open Data License,active,2024-06-06T14:34:02+08:00,2017-02-19T06:47:17+08:00,Unknown,2006-01-01T08:00:00+08:00,2022-12-31T08:00:00+08:00,0.0,Unknown,https://data.gov.sg/datasets/d_48143a2b16027afcadeb362352b0266a/view,,,,False,1.0,2025-06-26T05:19:09.317291
d_0860d31926593c4d09cc49d0d8dafeca,Tax Rates for Corporate Income Tax,"* For Year of Assessment (YA) 2003 to 2007, a partial tax exemption is given up to S$100,000 of the company's chargeable income (excluding Singapore franked dividends) that is subject to tax at the normal corporate tax rate as follows:
	- 75% tax exemption for the first S$10,000 chargeable income
	- 50% tax exemption for the next S$90,000 chargeable income
* Effective from YA 2008, the threshold for partial tax exemption has been increased to S$300,000 as follows:
	- 75% tax exemption for the first S$10,000 normal chargeable income
	- 50% tax exemption for the next S$290,000 normal chargeable income
* Effective from YA 2020, the threshold for partial tax exemption has been reduced to S$200,000 as follows:
	- 75% tax exemption for the first S$10,000 normal chargeable income
	- 50% tax exemption for the next S$190,000 normal chargeable income
* Effective from YA 2005, for qualifying new start-up companies, full tax exemption is given up to S$100,000 of the company’s chargeable income (excluding Singapore franked dividends) that is subject to tax at the normal corporate tax rate for the first three consecutive YAs. From YA 2008, the threshold for tax exemption has been increased to S$300,000 as follows:
  	- 100% tax exemption for the first S$100,000 normal chargeable income
	- 50% tax exemption for the next S$200,000 normal chargeable income
* From YA 2020, the tax exemption to be granted to qualifying new start-up companies for each applicable YA is adjusted as follows:
	- 75% tax exemption for the first S$100,000 normal chargeable income
	- 50% tax exemption for the next S$100,000 normal chargeable income

* Normal chargeable income refers to income to be taxed at the prevailing corporate tax rate. 

* For YA 2011, a tax rebate of 20% capped at S$10,000 or cash grant of 5% of revenue capped at S$5,000, whichever is higher is given. The 20% tax rebate is on tax payable (excluding tax on income subject to final withholding tax and tax deducted at source).	
* For YA 2012, a cash grant of 5% of revenue capped at S$5,000 is given.
* For YA 2013 to 2015, a tax rebate of 30% capped at S$30,000 per YA is given. The 30% tax rebate is on tax payable (excluding tax on income subject to final withholding tax and tax deducted at source).
* For YA 2016, a tax rebate of 50% capped at S$20,000 is given. The 50% tax rebate is on tax payable (excluding tax on income subject to final withholding tax and tax deducted at source).
* For YA 2017, a tax rebate of 50% capped at S$25,000 is given. The 50% tax rebate is on tax payable (excluding tax on income subject to final withholding tax and tax deducted at source).
* For YA 2018, a tax rebate of 40% capped at S$15,000 is given. The 40% tax rebate is on tax payable (excluding tax on income subject to final withholding tax and tax deducted at source).
* For YA 2019, a tax rebate of 20% capped at S$10,000 is given. The 20% tax rebate is on tax payable (excluding tax on income subject to final withholding tax and tax deducted at source).
* For YA 2020, a tax rebate of 25% capped at S$15,000 is given. The 25% tax rebate is on tax payable (excluding tax on income subject to final withholding tax and tax deducted at source).
* For YA 2024, a cash payout of S$2,000 (for eligible companies which have employed at least one local employee in 2023) or a tax rebate of 50% (capped at S$40,000), whichever is the higher amount, is given. The 50% tax rebate  is on tax payable (excluding tax on income subject to final withholding tax and tax deducted at source).  ",data.gov.sg,Inland Revenue Authority of Singapore,general,,Singapore,CSV,Singapore Open Data License,active,2024-09-02T18:43:07+08:00,2016-08-11T00:38:18+08:00,Unknown,,,0.0,Unknown,https://data.gov.sg/datasets/d_0860d31926593c4d09cc49d0d8dafeca/view,,,,False,1.0,2025-06-26T05:19:09.317291
d_80ece7b4cf25e843592ef0431f96f6e2,PA Courses (2017 - 2020),"Number of People's Association Courses by Type, Annual",data.gov.sg,People's Association,general,,Singapore,CSV,Singapore Open Data License,active,2024-06-06T15:23:19+08:00,2021-05-12T17:54:30+08:00,Unknown,2017-01-01T08:00:00+08:00,2020-01-01T08:00:00+08:00,0.0,Unknown,https://data.gov.sg/datasets/d_80ece7b4cf25e843592ef0431f96f6e2/view,,,,False,0.85,2025-06-26T05:19:09.317291
d_b7df50048b00ad506005bb99de023728,MP14 SDCP BH PLAN - Building Height Control Text (No of storeys) (SHP),"Dataset containing information on sdcp, plan, building. provided by Urban Redevelopment Authority. covering Singapore.",data.gov.sg,Urban Redevelopment Authority,general,,Singapore,SHP,Singapore Open Data License,active,2024-06-06T14:56:18+08:00,2016-01-20T00:00:00+08:00,Unknown,,,0.0,Unknown,https://data.gov.sg/datasets/d_b7df50048b00ad506005bb99de023728/view,,,,True,1.0,2025-06-26T05:19:09.317291
d_8ce983e6b90d94010dbcd10a24ded26e,Newspapers-Pinang Gazette and Straits Chronicle-1906 to 1910,"This dataset is a list of digitised out-of-copyright newspaper articles from the National Library, Singapore. 

These materials present a valuable resource on Singapore’s history, art and culture, digitised as part of an endeavour to preserve and provide better access to resources located within the library to enable users to explore and discover these resources.

For enquiries, please email ref@nlb.gov.sg",data.gov.sg,National Library Board,general,,Singapore,CSV,Singapore Open Data License,active,2024-04-02T21:40:53+08:00,2024-03-20T08:49:44+08:00,Unknown,2024-03-01T00:00:00+08:00,2025-03-01T00:00:00+08:00,0.0,Unknown,https://data.gov.sg/datasets/d_8ce983e6b90d94010dbcd10a24ded26e/view,,,,False,1.0,2025-06-26T05:19:09.317291
d_b2778a9e4532d57cb9201c68cb5f2238,Wireless HotSpots (KML),"Dataset containing information on wireless, hotspots, kml. provided by Info-communications Media Development Authority. covering Singapore.",data.gov.sg,Info-communications Media Development Authority,general,,Singapore,KML,Singapore Open Data License,active,2024-06-06T14:55:06+08:00,2015-03-10T00:00:00+08:00,Unknown,,,0.0,Unknown,https://data.gov.sg/datasets/d_b2778a9e4532d57cb9201c68cb5f2238/view,,,,True,1.0,2025-06-26T05:19:09.317291
d_3e7bd261208ec0a16da0dfb36344f064,Average Monthly Household Income Among Resident Households by Highest Qualification Attained of Main Income Earner and Type of Dwelling (Household Expenditure Survey 2012/13),"Source: SINGAPORE DEPARTMENT OF STATISTICS

Data Last Updated: 29/07/2019

Update Frequency: 5 years

Survey period: Household Expenditure Survey 2012/13

Footnotes: Income data include employer CPF contributions.

Adapted from: https://tablebuilder.singstat.gov.sg/table/CT/16409",data.gov.sg,Singapore Department of Statistics,general,,Singapore,CSV,Singapore Open Data License,active,2024-10-27T23:22:30+08:00,2024-10-27T22:32:54+08:00,Unknown,,,0.0,Unknown,https://data.gov.sg/datasets/d_3e7bd261208ec0a16da0dfb36344f064/view,,,,False,1.0,2025-06-26T05:19:09.317291
d_ace7c3e5be95fa314d4dad539c423927,"Home Ownership Plus Education Scheme Approvals, Annual","Source: MINISTRY OF SOCIAL AND FAMILY DEVELOPMENT

Data Last Updated: 24/05/2024

Update Frequency: Annual

Adapted from: https://tablebuilder.singstat.gov.sg/table/TS/M890811",data.gov.sg,Singapore Department of Statistics,general,,Singapore,CSV,Singapore Open Data License,active,2025-06-15T22:01:16+08:00,2024-10-24T16:22:09+08:00,Unknown,2004-01-01T08:00:00+08:00,2023-12-31T08:00:00+08:00,0.0,Unknown,https://data.gov.sg/datasets/d_ace7c3e5be95fa314d4dad539c423927/view,,,,False,1.0,2025-06-26T05:19:09.317291
d_e91e48775b42ced4233a75af249887eb,"Percent Change In Consumer Price Index (CPI) Over Corresponding Period Of Previous Year, 2019 As Base Year, Half-Yearly","Source: SINGAPORE DEPARTMENT OF STATISTICS

Data Last Updated: 23/01/2025

Update Frequency: Half-Yearly

Footnotes: The weighting pattern of the Consumer Price Index (CPI) was derived from the expenditure values collected from the 2017/18 Household Expenditure Survey (HES) and updated to 2019 values by taking into account price changes between 2017/18 and 2019.  For more information on the CPI rebasing, refer to the Information Paper 'Rebasing of the Consumer Price Index (2019 as Base Year)' (https://www.singstat.gov.sg/-/media/files/publications/economy/ip-e48.pdf).

Adapted from: https://tablebuilder.singstat.gov.sg/table/TS/M213201",data.gov.sg,Singapore Department of Statistics,general,,Singapore,CSV,Singapore Open Data License,active,2025-02-05T23:00:53+08:00,2023-03-28T18:18:01+08:00,Unknown,1961-01-01T08:00:00+08:00,2024-12-31T08:00:00+08:00,0.0,Unknown,https://data.gov.sg/datasets/d_e91e48775b42ced4233a75af249887eb/view,,,,False,1.0,2025-06-26T05:19:09.317291
d_100696c30736d0db2992a2fdeaea6a10,"Most Important Factors Limiting Export Orders (Forecast for Next 3 Mths), Total Mfg","Dataset containing information on most, important, factors. provided by Economic Development Board. covering Singapore.",data.gov.sg,Economic Development Board,general,,Singapore,CSV,Singapore Open Data License,active,2024-06-06T14:23:37+08:00,2017-01-04T22:20:41+08:00,Unknown,2003-01-01T08:00:00+08:00,2019-03-31T08:00:00+08:00,0.0,Unknown,https://data.gov.sg/datasets/d_100696c30736d0db2992a2fdeaea6a10/view,,,,True,1.0,2025-06-26T05:19:09.317291
d_465c5bd4a9adae523f9577371daf5e24,"Resident Labour Force Participation Rate Aged 15 Years And Over By Age And Sex, End June, Annual","Source: MINISTRY OF MANPOWER, SINGAPORE DEPARTMENT OF STATISTICS

Data Last Updated: 28/01/2025

Update Frequency: Annual

Footnotes: Residents comprise Singapore citizens and permanent residents.  Rates are based on mid-year Labour Force Survey except Census years 1990, 2000 and General Household Surveys 1995 and 2005.  Data from the Labour Force Survey are not comparable with those from Censuses 1990 and 2000 and GHS 1995 and 2005 due to differences in coverage and methodology.  To facilitate comparison with 2008, 2007 Labour Force Survey data have been adjusted based on Singapore Department of Statistics revised population estimates (released in February 2008) which exclude Singapore residents who have been away from Singapore for a continuous period of 12 months or longer.

Adapted from: https://tablebuilder.singstat.gov.sg/table/TS/M182201",data.gov.sg,Singapore Department of Statistics,general,,Singapore,CSV,Singapore Open Data License,active,2025-06-11T20:00:53+08:00,2024-10-22T17:51:08+08:00,Unknown,1990-01-01T08:00:00+08:00,2024-12-31T08:00:00+08:00,0.0,Unknown,https://data.gov.sg/datasets/d_465c5bd4a9adae523f9577371daf5e24/view,,,,False,1.0,2025-06-26T05:19:09.317291
d_e34261c5ccace716132b55a5b02ebb1f,Dengue (Cases) - South West (GEOJSON),"Dataset containing information on dengue, cases, south. provided by National Environment Agency. covering Singapore.",data.gov.sg,National Environment Agency,general,,Singapore,GEOJSON,Singapore Open Data License,active,2024-06-06T15:04:38+08:00,2019-01-31T00:00:00+08:00,Unknown,,,0.0,Unknown,https://data.gov.sg/datasets/d_e34261c5ccace716132b55a5b02ebb1f/view,,,,True,1.0,2025-06-26T05:19:09.317291
d_5334f6305b1bc4abb9a62083ff5357b6,Newspapers-Straits Telegraph and Daily Advertiser-1899,"This dataset is a list of digitised out-of-copyright newspaper articles from the National Library, Singapore. 

These materials present a valuable resource on Singapore’s history, art and culture, digitised as part of an endeavour to preserve and provide better access to resources located within the library to enable users to explore and discover these resources.

For enquiries, please email ref@nlb.gov.sg",data.gov.sg,National Library Board,general,,Singapore,CSV,Singapore Open Data License,active,2024-06-06T14:36:31+08:00,2022-09-26T17:41:53+08:00,Unknown,2024-03-01T00:00:00+08:00,2025-03-01T00:00:00+08:00,0.0,Unknown,https://data.gov.sg/datasets/d_5334f6305b1bc4abb9a62083ff5357b6/view,,,,False,1.0,2025-06-26T05:19:09.317291
d_5f41191b7b5f7f7aa56a91e382463797,Newspapers-Straits Advocate-1889,"This dataset is a list of digitised out-of-copyright newspaper articles from the National Library, Singapore. 

These materials present a valuable resource on Singapore’s history, art and culture, digitised as part of an endeavour to preserve and provide better access to resources located within the library to enable users to explore and discover these resources.

For enquiries, please email ref@nlb.gov.sg",data.gov.sg,National Library Board,general,,Singapore,CSV,Singapore Open Data License,active,2024-06-06T14:38:46+08:00,2022-09-26T17:19:38+08:00,Unknown,2024-03-01T00:00:00+08:00,2025-03-01T00:00:00+08:00,0.0,Unknown,https://data.gov.sg/datasets/d_5f41191b7b5f7f7aa56a91e382463797/view,,,,False,1.0,2025-06-26T05:19:09.317291
d_bf283054b146798fda6a78f0be229d55,MP14 SDCP PW PLAN - National Park Boundary Line (offset) (KML),"Dataset containing information on sdcp, plan, national. provided by Urban Redevelopment Authority. covering Singapore.",data.gov.sg,Urban Redevelopment Authority,general,,Singapore,KML,Singapore Open Data License,active,2024-06-06T14:57:47+08:00,2016-07-18T00:00:00+08:00,Unknown,,,0.0,Unknown,https://data.gov.sg/datasets/d_bf283054b146798fda6a78f0be229d55/view,,,,True,1.0,2025-06-26T05:19:09.317291
d_b08cff1811e8716643614c772f48ba7f,Reliefs For Taxable Individuals By Type of Relief,"From Year of Assessment 2018, the total amount of personal income tax reliefs which an individual can be allowed is subject to an overall relief cap of S$80,000 per year.",data.gov.sg,Inland Revenue Authority of Singapore,general,,Singapore,CSV,Singapore Open Data License,active,2024-09-04T01:01:25+08:00,2015-10-27T15:16:53+08:00,Unknown,,,0.0,Unknown,https://data.gov.sg/datasets/d_b08cff1811e8716643614c772f48ba7f/view,,,,False,1.0,2025-06-26T05:19:09.317291
d_40bde6cd8cf3ec96bd18c10739b269a2,"Average Weekly Paid Hours Worked Per Employee by Industry and Type of Employment (Level 2), Annual","Source: Labour Market Survey, Manpower Research & Statistics Department, MOM

Before 2006, the Labour Market Survey covers private sector establishments each with at least 25 employees. From 2006 onwards, the survey also covers the public sector.

Data are rounded to one decimal place.

Data may not be strictly comparable due to the various versions of SSIC coding.",data.gov.sg,Ministry of Manpower,general,,Singapore,CSV,Singapore Open Data License,active,2025-03-19T16:58:18+08:00,2016-06-01T01:36:55+08:00,Unknown,1998-01-01T08:00:00+08:00,2024-01-01T08:00:00+08:00,0.0,Unknown,https://data.gov.sg/datasets/d_40bde6cd8cf3ec96bd18c10739b269a2/view,,,,False,1.0,2025-06-26T05:19:09.317291
d_a968dbcd96c27c6cd3b9a10e440bfe42,"Domestic Exports Of Machinery And Equipment By Market, Monthly","Source: ENTERPRISE SINGAPORE

Data Last Updated: 16/05/2025

Update Frequency: Monthly

Footnotes: Data prior to 1999 are based on Standard International Trade Classification (SITC) 3.  Data from 1999 onwards are based on SITC 4.1 and consistent with the ASEAN Harmonised Tariff Nomenclature (AHTN) 2022 version.

Adapted from: https://tablebuilder.singstat.gov.sg/table/TS/M450281",data.gov.sg,Singapore Department of Statistics,general,,Singapore,CSV,Singapore Open Data License,active,2025-06-13T21:01:19+08:00,2024-10-24T15:15:55+08:00,Unknown,1988-01-01T08:00:00+08:00,2025-04-01T08:00:00+08:00,0.0,Unknown,https://data.gov.sg/datasets/d_a968dbcd96c27c6cd3b9a10e440bfe42/view,,,,False,1.0,2025-06-26T05:19:09.317291
d_07c63be0f37e6e59c07a4ddc2fd87fcb,CEA Salesperson Information,Contains data of valid real estate salespersons (from January 2011 to present),data.gov.sg,Council For Estate Agencies,general,,Singapore,CSV,Singapore Open Data License,active,2025-06-25T17:00:23+08:00,2016-12-21T19:23:31+08:00,Unknown,,,0.0,Unknown,https://data.gov.sg/datasets/d_07c63be0f37e6e59c07a4ddc2fd87fcb/view,,,,False,0.85,2025-06-26T05:19:09.317291
d_9fb538a0a39b080c2b3c985ab60e875d,Master Plan 2019 SDCP Car Lite Precinct Name layer (KML),"Dataset containing information on master, plan, sdcp. provided by Urban Redevelopment Authority. covering Singapore.",data.gov.sg,Urban Redevelopment Authority,general,,Singapore,KML,Singapore Open Data License,active,2024-06-06T14:51:16+08:00,2020-01-17T00:00:00+08:00,Unknown,,,0.0,Unknown,https://data.gov.sg/datasets/d_9fb538a0a39b080c2b3c985ab60e875d/view,,,,True,1.0,2025-06-26T05:19:09.317291
d_b672ba5cd181fd699e5463e03ca5f3d3,Issuance of Title Documents for Completed Private Properties,Overview of the number of title documents issued for completed private properties in aggregate form,data.gov.sg,Singapore Land Authority,general,,Singapore,CSV,Singapore Open Data License,active,2024-06-06T14:55:59+08:00,2016-05-11T19:25:59+08:00,Unknown,2010-04-01T08:00:00+08:00,2022-09-30T08:00:00+08:00,0.0,Unknown,https://data.gov.sg/datasets/d_b672ba5cd181fd699e5463e03ca5f3d3/view,,,,False,0.85,2025-06-26T05:19:09.317291
d_72f8e05d45477a7af0c089ad970519da,"Waste Disposed Of And Recycled, Annual","Source: MINISTRY OF SUSTAINABILITY AND THE ENVIRONMENT, NATIONAL ENVIRONMENT AGENCY

Data Last Updated: 26/06/2024

Update Frequency: Annual

Footnotes: Year 2020 was an anomalous year with lower waste generation and recycling rates due to the impact of COVID-19, particularly during the Circuit Breaker period (April to May 2020) when activities were curtailed. The pick-up in economic activity and resumption of business and social activities since 2021 has led to an increase in waste generated, disposed of and recycled.

Adapted from: https://tablebuilder.singstat.gov.sg/table/TS/M890431",data.gov.sg,Singapore Department of Statistics,general,,Singapore,CSV,Singapore Open Data License,active,2025-06-15T22:01:16+08:00,2024-10-24T16:10:47+08:00,Unknown,2015-01-01T08:00:00+08:00,2023-12-31T08:00:00+08:00,0.0,Unknown,https://data.gov.sg/datasets/d_72f8e05d45477a7af0c089ad970519da/view,,,,False,1.0,2025-06-26T05:19:09.317291
lta_bus_arrival,LTA Bus Arrival,Real-time bus arrival information for all bus stops,LTA DataMall,Land Transport Authority,transport,"transport, lta, bus, arrival",Singapore,JSON,LTA Open Data License,active,2025-06-26,,Real-time,,,,,https://datamall2.mytransport.sg/ltaodataservice/v3/BusArrival,real_time,True,True,False,0.5,2025-06-26T05:19:09.317291
lta_traffic_incidents,LTA Traffic Incidents,Current traffic incidents and road conditions,LTA DataMall,Land Transport Authority,transport,"transport, lta, traffic, incidents",Singapore,JSON,LTA Open Data License,active,2025-06-26,,Daily,,,,,https://datamall2.mytransport.sg/ltaodataservice/TrafficIncidents,static,True,True,False,0.45,2025-06-26T05:19:09.317291
lta_road_works,LTA Road Works,Ongoing road works and construction activities,LTA DataMall,Land Transport Authority,transport,"transport, lta, road, works",Singapore,JSON,LTA Open Data License,active,2025-06-26,,Daily,,,,,https://datamall2.mytransport.sg/ltaodataservice/RoadWorks,static,True,True,False,0.35,2025-06-26T05:19:09.317291
lta_taxi_availability,LTA Taxi Availability,Real-time taxi availability by location,LTA DataMall,Land Transport Authority,transport,"transport, lta, taxi, availability",Singapore,JSON,LTA Open Data License,active,2025-06-26,,Daily,,,,,https://datamall2.mytransport.sg/ltaodataservice/Taxi-Availability,static,True,True,False,0.45,2025-06-26T05:19:09.317291
lta_carpark_availability,LTA Carpark Availability,Real-time car park availability and rates,LTA DataMall,Land Transport Authority,transport,"transport, lta, carpark, availability",Singapore,JSON,LTA Open Data License,active,2025-06-26,,Daily,,,,,https://datamall2.mytransport.sg/ltaodataservice/CarParkAvailabilityv2,static,True,True,False,0.45,2025-06-26T05:19:09.317291
lta_train_service_alerts,LTA Train Service Alerts,MRT and LRT service alerts and disruptions,LTA DataMall,Land Transport Authority,transport,"transport, lta, train, service, alerts",Singapore,JSON,LTA Open Data License,active,2025-06-26,,Daily,,,,,https://datamall2.mytransport.sg/ltaodataservice/TrainServiceAlerts,static,True,True,False,0.45,2025-06-26T05:19:09.317291
lta_bus_services,LTA Bus Services,Comprehensive bus service information and routes,LTA DataMall,Land Transport Authority,transport,"transport, lta, bus, services",Singapore,JSON,LTA Open Data License,active,2025-06-26,,Daily,,,,,https://datamall2.mytransport.sg/ltaodataservice/BusServices,static,True,True,False,0.35,2025-06-26T05:19:09.317291
lta_bus_routes,LTA Bus Routes,Detailed bus route information and stop sequences,LTA DataMall,Land Transport Authority,transport,"transport, lta, bus, routes",Singapore,JSON,LTA Open Data License,active,2025-06-26,,Daily,,,,,https://datamall2.mytransport.sg/ltaodataservice/BusRoutes,static,True,True,False,0.35,2025-06-26T05:19:09.317291
lta_erp_rates,LTA Erp Rates,Electronic Road Pricing rates and gantry information,LTA DataMall,Land Transport Authority,transport,"transport, lta, erp, rates",Singapore,JSON,LTA Open Data License,active,2025-06-26,,Daily,,,,,https://datamall2.mytransport.sg/ltaodataservice/ERPRates,static,True,True,False,0.5,2025-06-26T05:19:09.317291
onemap_search,OneMap Search,Geospatial data for search,OneMap,Singapore Land Authority,geospatial,"geospatial, map, search",Singapore,JSON,SLA Open Data License,active,,,,,,,,,geospatial,True,False,False,0.35,2025-06-26T05:19:09.317291
onemap_static_map,OneMap Static Map,Geospatial data for static_map,OneMap,Singapore Land Authority,geospatial,"geospatial, map, static_map",Singapore,JSON,SLA Open Data License,active,,,,,,,,,geospatial,True,False,False,0.35,2025-06-26T05:19:09.317291
onemap_basemaps,OneMap Basemaps,Geospatial data for basemaps,OneMap,Singapore Land Authority,geospatial,"geospatial, map, basemaps",Singapore,JSON,SLA Open Data License,active,,,,,,,,,geospatial,True,False,False,0.35,2025-06-26T05:19:09.317291
onemap_coordinate_converter_auth,OneMap Coordinate Converter (Authenticated),Advanced geospatial data for coordinate_converter,OneMap,Singapore Land Authority,geospatial,"geospatial, map, coordinate_converter, authenticated",Singapore,JSON,SLA Open Data License,active,,,,,,,,,geospatial,True,True,False,0.45,2025-06-26T05:19:09.317291
onemap_reverse_geocode_auth,OneMap Reverse Geocode (Authenticated),Advanced geospatial data for reverse_geocode,OneMap,Singapore Land Authority,geospatial,"geospatial, map, reverse_geocode, authenticated",Singapore,JSON,SLA Open Data License,active,,,,,,,,,geospatial,True,True,False,0.45,2025-06-26T05:19:09.317291
onemap_routing_auth,OneMap Routing (Authenticated),Advanced geospatial data for routing,OneMap,Singapore Land Authority,geospatial,"geospatial, map, routing, authenticated",Singapore,JSON,SLA Open Data License,active,,,,,,,,,geospatial,True,True,False,0.45,2025-06-26T05:19:09.317291
onemap_planning_area_auth,OneMap Planning Area (Authenticated),Advanced geospatial data for planning_area,OneMap,Singapore Land Authority,geospatial,"geospatial, map, planning_area, authenticated",Singapore,JSON,SLA Open Data License,active,,,,,,,,,geospatial,True,True,False,0.45,2025-06-26T05:19:09.317291
onemap_population_query_auth,OneMap Population Query (Authenticated),Advanced geospatial data for population_query,OneMap,Singapore Land Authority,geospatial,"geospatial, map, population_query, authenticated",Singapore,JSON,SLA Open Data License,active,,,,,,,,,geospatial,True,True,False,0.45,2025-06-26T05:19:09.317291
singstat_gdp,Singapore Statistics - GDP,Official statistics on gdp from Department of Statistics Singapore,SingStat,Department of Statistics Singapore,statistics,"statistics, gdp, singapore, official",Singapore,CSV,Singapore Open Data License,active,,,Quarterly,,,,,https://tablebuilder.singstat.gov.sg,,,,False,0.6,2025-06-26T05:19:09.317291
singstat_population,Singapore Statistics - POPULATION,Official statistics on population from Department of Statistics Singapore,SingStat,Department of Statistics Singapore,statistics,"statistics, population, singapore, official",Singapore,CSV,Singapore Open Data License,active,,,Annual,,,,,https://tablebuilder.singstat.gov.sg,,,,False,0.6,2025-06-26T05:19:09.317291
singstat_employment,Singapore Statistics - EMPLOYMENT,Official statistics on employment from Department of Statistics Singapore,SingStat,Department of Statistics Singapore,statistics,"statistics, employment, singapore, official",Singapore,CSV,Singapore Open Data License,active,,,Annual,,,,,https://tablebuilder.singstat.gov.sg,,,,False,0.6,2025-06-26T05:19:09.317291
singstat_inflation,Singapore Statistics - INFLATION,Official statistics on inflation from Department of Statistics Singapore,SingStat,Department of Statistics Singapore,statistics,"statistics, inflation, singapore, official",Singapore,CSV,Singapore Open Data License,active,,,Quarterly,,,,,https://tablebuilder.singstat.gov.sg,,,,False,0.6,2025-06-26T05:19:09.317291
singstat_trade,Singapore Statistics - TRADE,Official statistics on trade from Department of Statistics Singapore,SingStat,Department of Statistics Singapore,statistics,"statistics, trade, singapore, official",Singapore,CSV,Singapore Open Data License,active,,,Annual,,,,,https://tablebuilder.singstat.gov.sg,,,,False,0.6,2025-06-26T05:19:09.317291
